{
    "hour_sin": 0.01770663244759975,
    "hour_cos": -0.019688627812747772,
    "month_sin": -0.006363447323837081,
    "month_cos": -0.019310246138505963,
    "weekday": 3.0015916244277308,
    "weekend": 0.28726138407455853,
    "is_peak_hour": 0.16340847776324394,
    "is_day": 0.5533615721059516,
    "temp": 25.583059291203398,
    "dwpt": 16.356892525752126,
    "rhum": 63.30826929365598,
    "wspd": 7.856992161952257,
    "pres": 1008.8966310190483,
    "wdir_sin": -0.16010380252856352,
    "wdir_cos": 0.20311849152396746,
    "temp_hour": 298.68142781229557,
    "temp_x_peak": 4.375646868868541,
    "lag_12": 3963.4271836933863,
    "lag_288": 3965.084254976701,
    "lag_2016": 3956.0035767607505,
    "roll_mean_12": 3963.402119824027,
    "roll_std_12": 75.95282930838306,
    "roll_max_12": 4076.229723573414,
    "roll_min_12": 3849.8373990097693
}